日時,企業名,自己紹介,質問1,質問2,質問3
2025-08-05 14:11:17,資生堂,"思わず手に取った商品...",資生堂という化粧品メーカーに興味を持った経緯は何ですか？,キャンメイクの商品を選んで購入した理由や試してみての感想を教えてください。,
2025-08-05 14:11:51,NEC,"ITの力で社会課題を解決...",NECの公共性の高いプロジェクトや自治体DXに関わる取り組みについて、どのような具体的なやり方や成果が期待されると考えていますか？,貴社のビジョンに共感するとおっしゃっていますが、具体的にどのような課題を解決するためのITソリューションに興味がありますか？,
2025-08-05 14:19:06,TIS,"ITの力で社会課題を解決...",TISが取り組む自治体DXなど公共性の高いプロジェクトに興味を持ったきっかけは何ですか？,ITの力を活用して社会課題解決に貢献するという理念に共感する一番の理由は何ですか？,
2025-08-05 14:19:34,コーセー,"私が思わず手に取った商品...",コーセーを志望する理由は何ですか？,自分のメイクアップ製品に対する関心や評価基準はどのようなものですか？,2025-08-05 14:43:26,バンダイ,クリエイティブ,想定質問：,1. バンダイでのクリエイティブな仕事に興味を持ったきっかけは何ですか？,2. クリエイティブな分野での経験やスキルを活かし、どのようにバンダイに貢献したいと考えていますか？
2025-08-05 14:44:28,SCSk,新しいことをするのが好き,想定質問：,,1. SCSkに応募する理由は何ですか？
2025-08-05 14:46:56,資生堂,クリエイティブ,1. 「資生堂のクリエイティブ職を志望する理由は何ですか？」,2. 「過去にどのようなクリエイティブなプロジェクトに携わりましたか？その経験から得られた学びはありますか？」,3. 「資生堂のクリエイティブ職で活躍するために必要な能力やスキルについて、どのように自己成長していますか？」
2025-08-05 15:06:31,TIS,私は人と関わりながら課題を解決することが好きで、マーケティング分析を通じてお客様の悩みを見つけ出し解決したいと考えています。例えば、どんな広告が効果的かをデータで分析し、効果の高い施策を企画・提案するなど、マーケティングに活かしたいです。IT業界は幅広い業界に貢献でき、生活や仕事の基盤を支える存在です。自分の提案や工夫が多くの人の役に立つことにやりがいを感じ、成長できる環境だと考えています。,想定質問：,1. TISという企業を選んだ理由は何ですか？,2. マーケティング分析を通じてお客様の悩みを解決したいとおっしゃっていますが、その具体的な方法や経験はありますか？
2025-08-05 15:10:04,TIS,"目ーケティングがしたい
",想定質問：,1. TISを選ぶ理由は何ですか？,2. マーケティングに興味を持ったきっかけは何ですか？
2025-08-05 15:31:21,資生堂,協調性がある,想定質問:,1. 資生堂では、協調性が重要な価値観として掲げられています。あなたが協調性を発揮した経験を具体的に教えてください。,2. 資生堂は多様な人材との協力を大切にしています。あなたが多様性を活かしてチームで働くことにどのような価値を見出していますか？
2025-08-05 15:46:57,TIS,"猫が好き
",想定質問：,1. TISに興味を持ったきっかけは何ですか？,2. 今までの猫の経験を活かせる点は何ですか？
2025-08-05 15:54:30,資生堂,リーダーシップがある,想定質問：,1. リーダーシップを発揮した際の具体的な経験やエピソードはありますか？,2. チームをリードする際に工夫した点や成功体験があれば教えてください。
2025-08-05 15:58:15,kao,活発である,想定質問：,なぜ活発さが強みとなるのだと考えますか？,どのように活発さを活かして、チームでの協力や成果を上げることができると思いますか？
2025-08-05 16:03:35,三菱,私はリーダーシップがある,1. 三菱という大手企業でリーダーシップを発揮できると考えている点は何ですか？,2. リーダーシップを持ってチームを牽引する際に心がけていることはありますか？,3. 三菱のビジョンや価値観に共感している点と、それを実践するためにどのような取り組みをしていますか？
2025-08-05 16:07:56,清水建設,自己分析が得意,"1. 質問1: 清水建設に興味を持った理由は何ですか？
質問2: 自己分析が得意とのことですが、それを活かして清水建設でどのような貢献ができると考えていますか？
質問3: 自己分析が得意な方に必要なマインドセットやスキルは何だと思いますか？",,
2025-08-05 16:09:14,NEC,強い,1. NECに興味を持った理由は何ですか？,2. 強みを活かして、どのように企業に貢献したいと考えていますか？,3. 強さを持っていると感じる部分は何ですか？その強みを生かした具体的な活動や経験を教えてください。
2025-08-05 16:09:50,kao,頭がいい,想定質問：,なぜkaoという企業に興味を持ちましたか？,頭がいいという自己評価に基づき、過去にどのようなプロジェクトや成果を上げましたか？
2025-08-05 16:25:27,SCSK,人としゃべるのが好き,想定質問：,SCSKに興味を持ったきっかけや理由は何ですか？,人と話すことが得意なようですが、それを活かしてチームでのコミュニケーションや協力にどのような役割を果たすと思いますか？
2025-08-05 16:34:46,NEC,新しい,想定質問：,NECに興味を持ったきっかけは何ですか？,新しいことに取り組む際に意識していることはありますか？
2025-08-05 16:38:22,NEC,楽しい性格,NECの楽しい性格を発揮できるポイントは何ですか？,どのようにして楽しい性格を活かして、チームワークを促進していきたいと考えていますか？,楽しい性格を生かして、新しいアイデアや取り組みを提案できる具体的な例を教えてください。
2025-08-05 16:55:10,SCSK,私は人と関わりながら課題を解決することが好きで、マーケティング分析を通じてお客様の悩みを見つけ出し解決したいと考えています。例えば、どんな広告が効果的かをデータで分析し、効果の高い施策を企画・提案するなど、マーケティングに活かしたいです。IT業界は幅広い業界に貢献でき、生活や仕事の基盤を支える存在です。自分の提案や工夫が多くの人の役に立つことにやりがいを感じ、成長できる環境だと考えています。,"企業名：SCSK
自己紹介：私は人と関わりながら課題を解決することが好きで、マーケティング分析を通じてお客様の悩みを見つけ出し解決したいと考えています。",SCSKに入社するにあたり、あなたがマーケティングの分野で果たしたい役割について教えてください。,IT業界でマーケティングを活かすためには、どのようなスキルや知識が求められると考えていますか？
2025-08-05 17:06:53,kao,かわいい,かわいさを活かせる仕事について、具体的にどのようなイメージをお持ちですか？,かわいさを生かして仕事に取り組む際、どのような強みを発揮できると思いますか？,かわいさを活かすことで、お客様やチームメンバーにどのような影響を与えられると考えていますか？
2025-08-05 17:20:51,AKB48,かわいい,AKB48でかわいさを発揮するために心がけていることは何ですか？,かわいさをアピールする際に気をつけているポイントは何ですか？,AKB48のかわいらしさを最大限に活かすポジションや活動に関心を持っていますか？
2025-08-05 17:24:12,資生堂,メイク好き,資生堂への面接の想定質問例です。,資生堂のメイク製品について興味があるようですが、資生堂を選ぶ理由や魅力は何ですか？,メイク好きということで、自身のメイクのスタイルやお気に入りの製品について教えていただけますか？それが資生堂とどのように関連していると感じますか？
2025-08-05 17:26:48,SCSK,ITと関わりたい,"企業名：SCSK
自己紹介：ITと関わりたい",SCSKでは、IT関連のソリューションやサービスを提供しています。あなたが取り組みたいIT分野はありますか？その分野に興味を持ったきっかけは何ですか？,IT業界は急速に変化しています。あなたはどのようにして自己成長を続け、最新の技術やトレンドについていく準備をしていますか？
2025-08-05 17:27:36,kao,社風が好き,Kaoの社風について具体的にどういう点が好きで、それを感じた経験はありますか？,Kaoの商品やサービスについて、特に興味を持っているものやそれに関連した経験はありますか？,Kaoが大切にしている価値観や理念に共感している部分があれば、具体的にその点についてお聞かせいただけますか？
2025-08-05 17:29:12,NEC,ITが好き,NECに応募する理由は何ですか？,IT分野での興味や経験を具体的に教えてください。,NECでの成果を上げるためにどのようなスキルや取り組みを持っていますか？
2025-08-05 17:29:58,TIS,私は人と関わりながら課題を解決することが好きで、マーケティング分析を通じてお客様の悩みを見つけ出し解決したいと考えています。例えば、どんな広告が効果的かをデータで分析し、効果の高い施策を企画・提案するなど、マーケティングに活かしたいです。IT業界は幅広い業界に貢献でき、生活や仕事の基盤を支える存在です。自分の提案や工夫が多くの人の役に立つことにやりがいを感じ、成長できる環境だと考えています。,TISというIT企業がマーケティング分析を活用している点について、具体的に興味を持った理由は何ですか？,マーケティングのデータ分析や施策提案において、過去にどのような経験や成果を挙げられるものがありますか？,自らの提案や工夫が多くの人に役立つことを重視しているとおっしゃっていますが、これまでの経験やスキルを活かして、TISでどのように周囲に貢献したいと考えていますか？
2025-08-05 17:32:38,SCSK,私は中高のバドミントン同好会で、メンバーが意見を言いやすい雰囲気づくりを意識しながら練習内容を工夫し、チーム全体の成長につなげた経験があります。その過程でオープンマインドに相手の意見を受け止め、心理的安全性の高い場をつくる力を身につけました。セミナーのグループワークでは自分から積極的に声をかけ、意見を整理し全員が参加できるよう促し、チームワークを大切に課題解決に貢献したいです。,バドミントン同好会で意見を言いやすい雰囲気づくりを意識しながらチーム全体の成長につなげた経験について、具体的な取り組みや成果について教えてください。,グループワークでチームワークを大切にして課題解決に貢献した経験について、どのような課題がありましたか？それをどのようにして解決しましたか？,自己紹介で述べたように心理的安全性の高い場をつくる力を身につけた経験があるとのことですが、その経験を通じて得た気づきや効果について具体的にお聞かせください。
2025-08-05 17:33:56,TIS,私は中高のバドミントン同好会で、メンバーが意見を言いやすい雰囲気づくりを意識しながら練習内容を工夫し、チーム全体の成長につなげた経験があります。その過程でオープンマインドに相手の意見を受け止め、心理的安全性の高い場をつくる力を身につけました。セミナーのグループワークでは自分から積極的に声をかけ、意見を整理し全員が参加できるよう促し、チームワークを大切に課題解決に貢献したいです。,TISに応募する理由は何ですか？,バドミントン同好会での経験から得た力をビジネスの場面で活かすことはできますか？具体的な事例を教えてください。,自分から積極的に声をかけることや他者の意見を受け止める姿勢は、どのような業務シーンで役立つと考えていますか？
